second,conn_created,conn_closed,find_input_ops,remove_ops,insert_ops,find_output_ops,failed_ops,combined_ops,in_flight_tasks,ephemeral_ports,time_wait,handles,threads,cpu_pct,working_set_bytes
0,135,0,132,0,0,0,0,132,135,38,10,493,29,0,75657216
1,135,0,135,0,0,0,0,135,270,307,10,2983,444,16.67,123764736
2,135,131,134,131,131,131,0,527,281,581,10,5447,852,19.97,161624064
3,135,135,136,135,135,135,0,541,280,853,274,6227,996,25.54,194002944
4,135,133,135,135,133,133,0,536,282,1119,544,6691,1131,21.77,217067520
5,135,137,135,136,137,137,0,545,281,1404,826,7465,1276,23.59,221474816
6,135,135,135,135,136,135,0,541,283,1676,1088,7429,1424,25.11,239706112
7,135,135,134,135,134,135,0,538,279,1951,1376,7911,1545,28.62,236625920
8,135,136,134,135,136,136,0,541,282,2220,1642,8085,1694,25.98,256880640
9,135,134,137,134,134,134,0,539,282,2508,1928,9479,1831,25.33,270839808
10,135,134,135,134,134,134,0,537,282,2783,2204,9058,1965,16.71,286629888
11,135,134,135,137,134,134,0,540,282,3054,2480,9988,2103,12.69,260177920
12,135,138,135,135,138,138,0,546,284,3332,2752,11385,2246,16.1,279941120
13,135,135,133,135,135,135,0,538,280,3603,3030,10263,2383,16.46,273129472
14,135,135,136,135,135,135,0,541,281,3882,3308,11629,2516,18.61,288407552
15,135,132,136,132,132,132,0,532,281,4155,3582,11066,2661,15.79,309620736
16,135,137,135,137,137,137,0,546,281,4436,3860,12436,2794,15.16,321937408
17,135,128,134,130,128,128,0,520,284,4715,4140,13842,2938,16.94,327802880
18,135,143,136,141,143,143,0,563,283,4994,4418,12714,3076,18.36,343728128
19,135,134,133,134,134,134,0,535,283,5267,4692,12750,3215,14.07,328040448
20,132,132,133,132,132,132,0,529,281,5548,4970,13261,3353,18.41,335183872
21,138,137,139,137,137,137,0,550,282,5826,5244,13867,3500,14.76,351494144
22,135,133,135,133,133,133,0,534,282,6103,5530,14534,3634,18.76,358490112
23,135,139,134,139,139,139,0,551,283,6382,5804,14462,3770,15.36,367845376
24,135,134,131,135,134,134,0,534,283,6653,6081,15172,3926,24.05,381087744
25,135,134,140,134,135,135,0,544,282,6944,6363,15804,4053,20.16,386633728
26,135,131,135,130,130,130,0,525,284,7232,6655,15852,4202,22.03,392511488
27,135,141,135,141,141,141,0,558,281,7514,6928,16497,4344,16.15,409915392
28,135,134,134,135,134,134,0,537,285,7795,7213,17221,4492,17.38,418869248
29,135,135,136,135,136,135,0,542,282,8077,7501,17140,4628,18.81,424218624
30,132,131,131,130,130,131,0,522,283,8370,7794,17912,4774,17.35,440156160
31,138,140,139,140,140,140,0,559,284,8474,7903,17930,4915,17.95,445222912
32,135,131,134,131,131,131,0,527,283,8490,7911,18608,5069,17.41,462532608
33,135,139,135,139,139,139,0,552,288,0,0,0,0,0,0
34,135,127,133,127,127,127,0,514,283,8500,7928,19320,5204,16.8,470433792
35,133,137,134,138,137,137,0,546,283,8527,7955,19273,5347,16.04,480628736
36,137,137,137,136,137,137,0,547,285,8557,7978,20025,5492,16.25,490643456
37,135,135,136,135,135,135,0,541,283,8565,7987,20068,5646,18.59,498708480
38,135,137,134,137,137,137,0,545,285,8587,8003,20801,5798,18.11,508948480
39,135,136,134,136,136,136,0,542,282,8608,8033,21097,5930,15.93,512598016
40,135,134,138,134,134,134,0,540,284,8657,8085,22492,6107,18.03,458289152
41,135,133,135,134,133,133,0,535,299,8414,7839,23838,6230,21.73,477712384
42,135,134,126,134,134,134,0,528,283,8426,7847,25266,6372,20.14,494325760
43,134,135,142,136,136,135,0,549,285,8436,7847,26738,6531,19.65,512172032
44,136,130,137,129,129,130,0,525,286,8448,7874,23888,6670,17.62,503058432
45,131,139,128,138,139,139,0,544,284,8471,7895,24211,6807,20.09,510324736
46,139,140,142,141,140,140,0,563,295,0,0,0,0,0,0
47,135,129,133,128,129,129,0,519,289,8500,7925,24586,6956,16.93,519507968
48,135,141,136,141,141,141,0,559,290,8513,7937,25990,7094,15.98,533585920
49,135,134,134,134,134,134,0,536,287,8523,7929,25681,7253,18.85,546156544
50,128,128,128,129,128,128,0,513,294,8539,7961,27129,7389,16.98,556830720
51,142,142,144,141,142,142,0,569,287,8575,8001,26813,7548,18.23,564768768
52,135,128,132,128,128,128,0,516,290,8606,8029,26683,7694,17.96,544247808
53,132,139,135,140,140,139,0,554,288,8634,8061,28183,7831,14.28,557764608
54,138,132,138,131,131,132,0,532,288,8648,8073,27809,7972,16.57,563507200
55,135,140,134,140,140,140,0,554,288,8663,8077,28869,8134,20.09,580374528
56,135,138,136,138,138,138,0,550,289,8403,7826,28994,8278,19.62,587575296
57,135,134,135,134,134,134,0,537,287,8432,7856,28710,8415,20.4,590454784
58,131,127,123,127,127,127,0,504,285,8460,7888,30127,8551,15.92,601239552
59,139,142,145,144,142,142,0,573,295,0,0,0,0,0,0
60,135,125,135,123,125,125,0,508,286,8492,7920,29740,8697,19.96,616558592
61,129,139,131,140,140,140,0,551,298,8525,7948,31241,8696,20.1,620634112
62,141,141,138,140,140,140,0,558,286,8569,7987,30454,8695,22.23,620515328
63,135,131,137,131,131,131,0,530,290,8571,7974,29602,8701,23.25,619757568
64,135,133,127,138,137,133,0,535,285,8584,7998,31017,8712,17.62,630779904
65,135,141,144,137,138,141,0,560,294,8586,8010,30315,8692,17.46,638701568
66,135,128,135,127,127,128,0,517,289,8592,8030,29480,8691,19.59,638750720
67,135,132,121,144,136,136,0,537,288,8620,8058,30922,8692,15.32,650637312
68,135,147,149,135,143,143,0,570,291,8641,8078,30385,8693,21.79,649084928
69,135,121,135,121,121,121,0,498,294,8412,7853,30214,8695,20.7,653856768
70,135,146,123,148,147,147,0,565,288,8444,7885,29686,8691,19.62,658808832
71,135,135,146,134,135,135,0,550,292,8443,7867,30070,8712,20.71,671514624
72,132,125,134,124,124,124,0,506,295,8454,7889,30763,8708,19.45,675631104
73,131,130,131,132,130,130,0,523,288,0,0,0,0,0,0
74,142,151,141,149,151,151,0,592,291,8479,7921,30686,8706,21.07,674164736
75,135,131,135,131,131,131,0,528,288,8505,7933,30486,8713,21.27,681058304
76,135,141,130,141,141,141,0,553,291,8522,7963,30130,8694,21.4,684281856
77,133,132,137,132,132,132,0,533,291,8553,7993,29945,8690,19.09,695107584
78,137,128,106,128,128,128,0,490,295,8588,8033,29842,8697,19.12,694714368
79,135,142,165,142,142,142,0,591,287,8600,8041,30144,8695,19.05,575410176
80,135,105,136,106,106,106,0,454,307,8640,8085,31641,8705,17.64,589168640
81,135,165,135,165,164,164,0,628,310,8637,8058,33083,8701,19.35,602337280
82,135,137,136,136,137,137,0,546,293,8656,8081,34607,8729,13.76,616009728
83,133,131,131,131,131,131,0,524,289,8400,7840,35949,8709,16.34,627789824
84,137,137,138,137,137,137,0,549,293,8448,7893,30366,8706,19.38,614113280
85,135,134,135,134,134,134,0,537,288,8446,7885,31848,8704,13.64,630886400
86,133,136,132,137,136,136,0,541,310,8474,7917,30612,8707,17.59,639229952
87,137,137,138,136,137,137,0,548,288,0,0,0,0,0,0
88,135,132,136,132,132,132,0,532,296,8507,7951,32114,8717,15.73,644136960
89,132,134,130,136,134,134,0,534,288,8532,7974,30746,8710,19.76,644419584
90,138,138,140,136,138,138,0,552,300,8575,7993,29676,8733,20.07,646524928
91,135,132,134,132,132,132,0,530,285,8601,8041,31166,8712,16.91,655704064
92,129,134,130,134,134,134,0,532,292,8639,8081,30149,8716,18.1,660008960
93,141,139,140,140,140,139,0,559,290,8688,8129,29541,8706,19.24,629067776
94,135,131,134,130,130,131,0,525,286,8432,7871,31051,8711,18.83,634568704
95,127,131,128,132,131,131,0,522,286,8479,7915,30499,8710,22.78,637050880
96,143,141,143,142,141,141,0,567,289,8467,7905,30094,8711,18.19,639864832
97,135,130,136,128,130,130,0,524,297,8482,7909,31551,8725,16.1,653037568
98,130,138,129,138,138,138,0,543,294,0,0,0,0,0,0
99,138,138,138,138,138,138,0,552,287,8478,7920,30466,8717,18.55,658726912
100,137,132,138,132,132,132,0,534,294,8501,7939,29577,8709,17.58,659566592
101,128,129,125,129,129,129,0,512,288,8525,7960,31032,8706,15.79,665894912
102,142,147,145,147,147,147,0,586,288,8563,7998,30409,8689,20.13,671232000
103,135,125,135,125,125,125,0,510,297,8576,8014,30119,8713,17.38,669376512
104,135,143,125,144,143,143,0,555,287,8614,8052,29859,8709,18.07,676913152
105,135,137,143,136,137,137,0,553,290,8640,8076,29553,8720,20.81,681979904
106,135,125,135,125,125,125,0,510,292,8649,8080,30977,8712,19.61,689270784
107,132,131,120,142,141,134,0,537,296,8395,7816,30826,8734,18.04,691101696
108,138,146,150,135,136,143,0,564,293,8414,7846,30581,8725,18.51,696524800
109,135,119,136,119,119,119,0,493,292,8420,7859,30274,8720,18.36,703193088
110,135,152,130,152,152,152,0,586,296,8448,7887,29950,8722,16.73,703934464
111,135,136,141,136,136,136,0,549,293,8499,7939,29792,8728,16.78,713912320
112,135,127,134,130,127,127,0,518,301,0,0,0,0,0,0
113,135,142,135,140,143,143,0,561,289,8528,7969,30174,8718,19.75,623296512
114,119,92,107,117,111,99,0,434,309,8517,7956,31590,8718,17.73,602771456
115,151,179,160,153,159,171,0,643,303,8532,7979,32962,8721,18.28,614354944
116,135,107,139,107,107,107,0,460,302,8573,8005,34506,8720,17.86,627916800
117,135,154,131,156,154,154,0,595,320,8587,8021,35990,8723,15.95,639823872
118,135,119,108,118,120,119,0,465,299,8601,8045,29791,8708,20.52,621764608
119,135,157,158,156,156,157,0,627,320,8653,8092,31516,8738,19.51,643850240
120,135,108,143,108,108,108,0,467,323,8398,7813,30332,8740,18.66,650891264
121,135,158,135,158,158,158,0,609,339,8420,7857,31816,8740,19.99,655466496
122,135,131,125,131,131,131,0,518,295,8453,7889,30763,8750,19.95,655863808
123,130,124,135,138,129,129,0,531,291,0,0,0,0,0,0
124,140,148,145,134,143,143,0,565,294,8488,7921,29755,8737,19.84,658370560
125,132,134,115,135,135,135,0,520,291,8515,7953,31240,8739,16.64,668438528
126,138,145,155,145,145,144,0,589,292,8541,7977,30159,8740,20.58,671760384
127,135,116,136,115,115,116,0,482,293,8554,7995,29707,8738,19.95,665186304
128,135,155,124,155,155,155,0,589,303,8584,8017,31149,8749,18.4,643780608
129,135,131,142,134,132,131,0,539,292,8596,8027,30478,8743,16.15,648577024
130,135,129,138,126,128,129,0,521,290,8631,8074,30436,8746,23.09,662863872
131,135,142,127,142,142,142,0,553,287,8654,8091,31116,8741,20.71,664375296
132,135,137,143,138,138,138,0,557,293,8673,8082,30451,8746,20.04,663728128
133,135,124,135,126,123,123,0,507,287,8408,7849,29823,8743,21.25,664326144
134,132,135,124,132,135,135,0,526,291,8499,7937,30525,8744,19.59,670834688
135,138,147,146,147,147,147,0,587,306,0,0,0,0,0,0
136,135,124,132,124,124,124,0,504,288,8517,7953,31110,8739,19.16,679186432
137,135,142,125,143,143,142,0,553,289,8541,7973,30470,8739,20.36,685002752
138,135,135,148,135,134,135,0,552,300,8567,8003,29856,8738,14.56,683843584
139,135,125,135,125,125,125,0,510,287,8605,8039,31401,8742,20.53,694095872
140,135,140,120,147,148,148,0,563,290,8628,8064,31094,8740,20.74,698826752
141,134,139,148,131,131,131,0,541,289,8662,8096,30563,8730,18.23,698847232
142,136,125,137,125,125,125,0,512,292,8417,7854,30416,8741,19.3,701079552
143,135,148,135,148,148,148,0,579,293,8489,7918,30010,8735,20.68,708640768
144,131,129,129,130,129,129,0,517,290,8481,7918,29938,8740,24.1,708349952
145,139,130,137,142,142,137,0,558,295,8465,7888,29674,8736,20.25,717357056
146,135,142,125,129,130,135,0,519,294,0,0,0,0,0,0
147,135,136,145,136,136,136,0,553,287,8492,7910,29973,8753,19.48,714993664
148,135,126,139,126,126,126,0,517,288,8499,7936,29652,8740,20.1,725831680
149,135,144,136,144,144,144,0,568,291,8488,7922,29494,8718,16.74,654782464
150,135,139,123,139,139,139,0,540,294,8581,8018,31162,8738,18.56,603439104
151,135,136,146,136,136,136,0,554,319,8587,7953,32757,8774,16.64,616706048
152,135,124,135,124,124,124,0,507,286,8608,8045,34149,8746,14.95,627273728
153,135,146,131,146,146,146,0,569,288,8625,8052,35601,8746,20.26,640643072
154,135,133,138,135,134,133,0,540,287,8648,8082,37074,8737,17.98,657133568
155,135,125,136,124,125,126,0,511,296,8423,7854,30517,8733,18.75,646049792
156,135,145,131,145,144,144,0,564,288,8442,7876,30184,8728,16.69,653664256
157,135,137,139,136,136,136,1,547,307,8479,7914,29828,8749,16.41,652845056
158,135,128,135,129,128,128,0,520,293,0,0,0,0,0,0
159,135,141,131,141,141,141,0,554,293,8513,7948,31302,8737,17.78,657125376
160,135,135,137,134,135,135,0,541,287,8524,7962,30191,8738,17.69,668184576
161,135,130,136,132,131,130,0,529,293,8570,8008,31711,8737,15.25,678043648
162,135,136,121,137,135,136,0,529,286,8596,8032,30602,8740,21.32,680996864
163,135,137,148,136,138,138,0,560,291,8602,8040,29796,8757,17.17,686342144
164,135,120,128,121,122,122,0,493,291,8605,8042,31221,8749,15.2,650850304
165,135,151,143,148,148,148,0,587,295,8653,8090,30433,8736,18.16,656314368
166,133,128,133,128,128,128,0,517,290,8647,8082,31898,8743,19.65,665026560
167,137,143,139,143,143,143,0,568,293,8456,7890,30947,8732,22.08,668114944
168,135,133,134,133,133,133,0,533,293,8436,7856,30430,8741,21.73,664743936
169,132,134,130,134,134,134,0,532,288,8471,7904,29755,8744,19.15,674717696
170,135,136,135,136,136,136,0,543,291,0,0,0,0,0,0
171,138,133,136,133,133,133,0,535,293,8504,7941,29619,8734,15.79,670375936
172,133,134,135,134,134,134,0,537,286,8516,7948,30998,8737,20.07,679579648
173,137,135,129,136,135,135,0,535,298,8538,7944,30493,8771,18.99,685740032
174,135,137,144,136,137,137,0,554,296,8556,7990,29959,8742,20.11,687423488
175,131,126,132,126,126,126,0,510,288,8560,8002,30109,8729,17.15,694624256
176,139,146,139,147,147,146,0,579,291,8602,8046,31130,8736,19.89,698761216
177,135,133,123,132,132,133,0,520,288,8622,8057,30942,8735,21,701059072
178,135,137,138,137,137,137,0,549,291,8646,8065,30587,8736,16.16,705966080
179,135,125,142,125,125,125,0,517,287,8685,8123,30295,8738,20.3,711303168
180,135,137,137,138,138,138,0,551,295,8436,7873,30234,8727,20.7,718114816
181,135,141,127,140,140,140,0,547,291,8450,7885,30144,8732,20.58,715108352
182,135,139,142,139,139,139,0,559,296,8502,7935,30346,8736,16.76,590774272
183,135,126,136,127,127,127,0,517,292,0,0,0,0,0,0
184,129,135,127,134,134,134,0,529,312,8528,7963,31870,8736,16.12,601772032
185,141,142,143,144,144,143,0,574,287,8522,7945,33227,8735,16.31,614846464
186,135,129,131,127,127,128,0,513,286,8549,7969,34741,8757,14.79,627159040
187,130,131,126,131,131,131,0,519,288,8559,8000,36061,8743,18.32,637689856
188,140,142,145,143,143,142,0,573,290,8560,7999,29957,8726,19.26,628252672
189,135,127,131,126,126,127,0,510,289,8602,8039,31498,8732,18.8,645341184
190,135,145,131,145,145,145,0,566,315,8636,8071,30375,8745,20.75,649191424
191,135,130,144,130,130,130,0,534,291,8661,8096,31857,8734,18.85,660766720
192,135,130,137,131,131,130,0,529,299,8446,7879,30491,8744,19.4,666628096
193,135,145,135,144,144,145,0,568,287,8444,7881,29849,8743,19.79,657174528
194,135,137,135,138,137,137,0,547,299,8490,7927,31361,8745,17.57,665382912
195,135,124,120,135,135,128,0,518,295,0,0,0,0,0,0
196,135,147,150,135,136,143,0,564,287,8520,7956,29924,8736,16.66,676220928
197,135,118,131,119,119,118,0,487,291,8527,7961,31390,8743,18.99,680501248
198,135,142,136,146,141,142,0,565,290,8553,7987,29974,8722,20.51,647028736
199,135,139,127,134,139,139,0,539,291,8555,7983,31433,8734,17.46,652095488
200,135,138,145,138,138,138,0,559,289,8558,8003,30441,8717,21.52,654696448
201,135,126,135,126,126,126,0,513,293,8602,8042,29643,8718,18.87,658448384
202,135,145,123,145,145,145,0,558,287,8633,8071,31094,8720,17.29,669696000
203,134,134,141,135,134,134,0,544,287,8637,8074,30479,8734,17.75,667582464
204,136,125,141,124,125,125,0,515,296,8398,7839,30390,8721,20.04,666247168
205,135,141,136,141,141,141,0,559,289,8410,7843,29971,8724,17.99,675434496
206,132,139,130,139,139,139,0,547,296,8416,7843,31408,8738,18.69,687128576
207,138,136,140,138,136,136,0,550,290,8426,7871,30531,8717,19.55,692154368
208,135,132,135,130,132,132,0,529,286,8448,7891,30226,8730,19.43,689455104
209,135,140,134,140,140,140,0,554,292,8487,7925,29833,8692,19.56,694976512
210,132,120,127,123,121,120,0,491,297,0,0,0,0,0,0
211,138,148,141,145,147,148,0,581,298,8496,7941,29565,8714,17.64,699760640
212,135,128,137,128,128,128,0,521,287,8533,7968,31109,8701,22.54,706760704
213,135,141,136,141,141,141,0,559,292,8585,8029,30949,8717,17.75,710922240
214,135,137,135,137,137,137,0,546,307,8604,7987,30812,8769,18.38,715280384
215,131,131,128,131,131,131,0,521,294,8417,7839,31263,8748,22.48,602734592
216,139,140,143,140,140,140,0,563,319,8427,7791,32867,8769,16.89,615718912
217,135,128,133,128,128,128,0,517,288,8467,7911,34144,8724,19.25,627163136
218,134,139,132,140,140,139,0,551,287,8479,7914,35551,8715,16.87,637902848
219,127,119,115,118,118,119,0,470,289,0,0,0,0,0,0
220,144,150,158,150,150,150,0,608,296,8498,7965,29924,8724,21.26,618270720
221,135,115,136,115,115,115,0,481,302,8571,8007,31485,8724,17,636899328
222,135,157,135,158,158,157,0,608,313,8575,8011,29904,8735,18.31,655261696
223,135,137,134,136,136,137,0,543,287,8638,8073,31425,8725,16.69,659939328
224,128,124,129,128,128,124,0,509,302,8643,8091,31960,8722,17.38,668516352
225,142,144,139,141,140,144,0,564,287,8437,7875,31076,8725,20.23,668262400
226,135,130,135,129,130,130,0,524,305,8461,7851,29901,8718,19.76,666890240
227,132,138,136,138,138,138,0,550,287,8470,7909,31414,8717,18.02,674234368
228,138,136,137,136,136,136,0,545,294,0,0,0,0,0,0
229,134,136,128,136,136,136,0,536,287,8521,7957,30276,8720,21.54,672624640
230,132,132,135,133,132,132,0,532,289,8548,7987,29899,8721,19.06,648200192
231,139,133,139,132,133,133,0,537,290,8581,8018,31371,8719,17.42,651685888
232,135,135,135,135,135,135,0,540,286,8608,8050,30212,8718,19.1,664162304
233,131,123,134,123,123,123,0,503,289,8644,8078,29611,8710,19.55,659550208
234,139,150,138,151,151,150,0,590,297,8650,8088,31179,8724,16.2,667287552
235,135,135,136,134,134,135,0,539,294,8668,8094,30527,8711,18.16,668241920
236,135,133,127,137,137,135,0,536,290,8410,7835,29776,8741,19.63,677593088
237,135,141,142,137,137,139,0,555,289,8429,7875,29688,8737,20.32,672104448
238,135,127,136,127,127,127,0,517,297,8469,7912,31101,8717,19.16,682995712
239,127,133,123,134,133,133,0,523,294,8460,7898,30530,8721,15.85,689393664
240,143,144,148,144,145,144,0,581,288,0,0,0,0,0,0
241,135,124,134,123,123,124,0,504,296,8521,7962,30037,8725,19.09,699760640
242,135,146,128,146,146,146,0,566,292,8526,7962,31488,8719,19.41,704049152
243,135,136,140,136,136,136,0,548,293,8568,8002,30851,8724,16.11,706174976
244,135,125,136,127,125,125,0,513,298,8692,8104,30829,8755,19.76,708820992
245,135,142,136,141,142,142,0,561,286,8642,8082,29687,8708,18.39,634351616
246,134,137,134,136,137,137,0,544,296,8425,7858,31008,8721,17.06,604889088
247,136,135,136,136,136,135,0,543,307,8420,7812,32510,8727,17.52,617639936
248,135,135,123,134,134,135,0,526,289,8450,7886,34016,8726,16.63,629846016
249,135,136,146,136,136,136,0,554,287,0,0,0,0,0,0
250,130,121,112,122,122,121,0,477,285,8506,7946,35516,8722,18.56,641155072
251,140,145,157,144,144,145,0,590,290,8510,7956,29999,8721,21.64,627224576
252,135,115,137,115,115,115,0,482,302,8553,7991,31445,8717,15.58,644337664
253,135,157,135,157,157,157,0,606,319,8591,8032,30098,8723,17.44,655593472
254,135,136,132,137,137,136,0,542,286,8625,8058,31495,8729,18.59,661274624
255,135,135,135,135,135,135,0,540,289,8636,8074,32999,8724,20.6,669659136
256,135,124,137,130,125,124,0,516,287,8398,7840,34465,8719,16.25,678989824
257,135,144,137,137,142,144,0,560,288,8441,7884,35962,8718,18.75,684949504
258,134,135,133,136,135,135,0,539,291,8459,7900,37367,8719,22.6,699506688
259,136,138,137,138,138,138,0,551,287,8480,7908,30207,8737,23.41,681615360
260,135,134,129,133,134,134,0,530,290,8458,7895,30248,8717,18.38,685506560
261,132,129,137,131,129,129,0,526,321,0,0,0,0,0,0
262,138,132,138,130,132,132,0,532,288,8481,7922,31541,8708,18.4,695209984
263,135,142,123,142,142,142,0,549,291,8526,7976,31090,8725,17.82,709300224
264,135,138,145,138,138,138,0,559,300,8560,7987,30180,8712,14.08,709296128
265,135,119,134,120,119,119,0,492,297,8581,8017,29572,8712,17.59,713773056
266,135,148,137,148,148,148,0,581,290,8620,8051,31141,8723,18.39,724213760
267,132,134,134,133,134,134,0,535,294,8656,8093,30321,8718,19.27,681431040
268,138,136,137,138,136,136,0,547,288,8410,7851,29978,8717,18.46,679895040
269,135,135,116,134,136,136,0,522,296,8429,7868,29677,8721,17.6,686260224
270,133,134,151,134,134,133,0,552,298,8459,7892,31029,8718,17.46,696406016
271,137,116,139,116,116,116,0,487,297,0,0,0,0,0,0
272,135,155,133,154,154,155,0,596,296,8508,7944,30852,8726,19.91,697516032
273,134,134,133,135,134,134,0,536,298,8537,7950,30552,8745,24.51,703320064
274,136,137,132,136,137,137,0,542,296,8533,7974,30556,8725,16.29,695812096
275,135,134,139,134,134,134,0,541,289,8593,8022,30234,8743,19.33,709685248
276,134,125,136,125,125,125,0,511,290,8568,8009,29820,8725,21.26,714620928
277,136,145,136,145,145,145,0,571,294,8619,8058,31269,8715,20.63,721391616
278,135,137,134,137,137,137,0,545,289,8637,8074,31034,8725,18.77,722993152
279,114,95,109,97,97,96,0,399,295,8655,8080,30844,8725,18.34,728547328
280,156,172,152,173,172,171,0,668,300,8419,7852,30746,8733,20.03,605335552
281,135,112,144,109,110,112,0,475,300,8411,7848,32099,8723,21.58,616509440
282,135,152,136,152,152,152,0,592,312,8426,7868,33570,8719,15.17,629317632
283,128,137,127,138,137,137,0,539,286,8472,7912,35042,8728,15.91,642052096
284,142,142,143,142,143,143,0,571,288,0,0,0,0,0,0
285,131,128,112,127,127,127,0,493,291,8486,7922,36517,8711,17.15,653832192
286,139,131,148,132,132,131,0,543,300,8497,7955,29956,8727,17.21,643235840
287,135,122,144,121,121,122,0,508,318,8569,8015,31486,8722,17.08,658718720
288,135,150,134,150,150,150,0,584,312,8606,8045,30717,8720,19.54,666140672
289,135,144,124,144,144,144,0,556,325,8615,8047,32174,8734,19.43,670068736
290,135,133,148,133,133,133,0,547,289,8656,8095,30744,8729,20.22,674324480
291,135,125,135,125,125,125,0,510,290,8385,7817,30177,8730,18.71,676671488
292,135,147,125,148,148,147,0,568,288,8414,7851,31020,8728,21.24,682418176
293,135,136,141,135,135,136,0,547,297,8440,7853,29852,8761,20.95,686444544
294,135,122,139,122,122,122,0,505,287,8432,7873,31123,8733,17.78,692441088
295,135,144,125,144,144,144,0,557,294,8475,7913,30289,8728,22.92,655474688
296,135,136,142,138,137,136,0,553,291,0,0,0,0,0,0
297,135,128,136,126,127,128,0,517,292,8498,7937,31739,8721,16.08,664985600
298,135,142,136,142,142,142,0,562,288,8517,7961,30851,8720,20.56,667938816
299,135,134,135,135,135,134,0,539,295,8563,7979,30256,8729,20.03,667602944
300,135,138,136,137,137,138,0,548,293,8569,8018,29671,8721,18.78,671567872
301,135,135,131,135,135,135,0,536,287,8605,8046,29586,8715,22.94,675545088
302,135,134,138,134,134,134,0,540,288,8652,8091,31103,8735,17.44,685842432
303,135,128,136,129,128,128,0,521,295,8398,7841,30412,8720,21.81,689651712
304,135,143,135,142,143,143,0,563,289,8440,7876,29788,8721,23.14,689664000
305,133,131,120,134,134,133,0,521,294,8430,7859,30532,8723,18.99,699330560
306,137,138,147,137,136,137,0,557,298,8451,7869,31048,8747,15.93,703979520
307,135,122,132,120,121,121,0,494,289,8481,7900,30613,8746,16.79,706076672
308,135,147,140,147,147,147,0,581,295,0,0,0,0,0,0
309,135,131,136,131,131,131,0,529,297,8514,7960,29858,8723,21.22,712261632
310,135,141,135,141,141,141,0,558,294,8504,7943,30559,8716,22.18,720343040
311,132,133,131,133,133,133,0,530,290,8555,7995,30998,8719,18.44,728924160
312,138,138,138,138,138,138,0,552,298,8583,8023,30885,8724,18.97,728846336
313,135,131,133,131,131,131,0,526,297,8606,8025,30786,8754,16.89,737722368
314,135,133,105,135,134,133,0,507,288,8634,8070,30692,8738,21.45,745635840
315,135,138,168,136,137,138,0,579,288,8662,8100,30670,8724,20.78,619085824
316,135,105,134,105,105,105,0,449,307,8410,7850,32113,8734,19.44,621907968
317,135,168,136,168,168,168,0,640,317,8418,7862,33529,8721,15.89,633651200
318,135,134,132,134,134,134,0,534,287,8461,7905,34935,8714,18.23,645316608
319,134,132,134,132,132,132,0,530,286,8476,7916,36399,8720,18.27,658214912
320,136,136,136,136,136,136,0,544,287,0,0,0,0,0,0
321,135,134,137,134,134,134,0,539,287,8500,7940,29446,8698,16.12,667279360
322,133,136,135,136,136,136,0,543,289,8579,8014,29874,8737,22.61,664227840
323,137,137,136,137,137,137,0,547,312,8608,7986,31339,8744,16.63,665169920
324,135,135,136,135,135,135,0,541,293,8599,8036,29615,8744,19.23,679075840
325,132,132,128,133,133,132,0,526,290,8395,7844,31087,8725,17.35,684691456
326,138,138,139,137,137,138,0,551,301,8403,7844,30197,8713,18.78,679047168
327,135,130,136,130,130,130,0,526,286,8439,7884,31667,8735,18.69,688693248
328,131,135,131,137,136,136,0,540,292,8462,7902,30673,8719,21.32,691752960
329,139,140,139,138,139,139,0,555,286,0,0,0,0,0,0
330,135,131,135,131,131,131,0,528,288,8497,7932,30044,8729,20.79,660561920
331,132,136,133,136,136,136,0,541,299,8526,7970,29633,8725,17.95,661221376
332,138,138,137,138,138,138,0,551,290,8559,8004,30967,8721,18.8,666058752
333,135,133,135,133,133,133,0,534,297,8545,7954,30248,8768,17.14,668688384
334,133,120,133,121,120,120,0,494,296,8570,8016,31583,8733,16,678854656
335,137,149,136,149,149,149,0,583,297,8595,8039,30797,8720,15.16,684535808
336,135,136,138,135,136,136,0,545,293,8615,8058,30455,8735,20.05,682012672
337,129,121,125,121,121,121,0,488,285,8643,8084,29987,8722,21.18,687329280
338,141,150,143,151,151,150,0,595,294,8656,8096,31444,8720,20.04,695963648
339,135,128,136,127,127,128,0,518,291,8433,7880,30714,8744,19.97,700514304
340,127,128,125,128,128,128,0,509,287,8448,7884,30245,8738,21.21,706129920
341,143,151,145,151,151,151,0,598,292,0,0,0,0,0,0
342,135,125,135,125,125,125,0,510,295,8478,7919,29828,8726,23.12,707379200
343,130,128,130,128,128,128,0,514,289,8522,7971,30567,8722,15.68,716840960
344,140,152,139,152,152,152,0,595,294,8556,7999,29783,8725,21.55,715513856
345,135,130,137,130,130,130,0,527,295,8588,8025,31324,8720,15.61,725794816
346,135,133,123,139,139,136,0,537,291,8672,8117,31050,8726,18,734121984
347,135,141,128,135,135,138,0,536,296,8394,7821,29630,8696,18.41,667258880
348,135,124,153,125,124,124,0,526,287,8468,7907,31165,8730,21.29,616075264
349,129,110,126,109,110,110,0,455,307,8473,7885,32743,8760,16.54,625577984
350,141,172,144,172,172,172,0,660,311,0,0,0,0,0,0
351,135,126,135,126,126,126,0,513,290,8527,7967,34121,8731,18.49,638455808
352,133,140,117,142,141,141,0,541,286,8533,7976,35583,8727,15.84,651632640
353,137,137,152,135,136,136,0,559,290,8550,7989,29968,8720,20.31,652677120
354,135,119,136,119,119,119,0,493,291,8597,8041,31489,8723,20.77,655171584
355,135,152,133,152,152,152,0,589,314,8612,8052,30151,8716,14.76,662597632
356,134,134,136,135,134,134,0,539,286,8662,8111,31641,8730,16.37,670457856
357,136,135,135,134,135,135,0,539,301,8391,7831,30315,8716,20.48,672489472
358,135,136,134,136,136,136,0,542,286,8428,7877,31824,8723,17,676835328
359,132,129,134,129,129,129,0,521,291,8449,7885,30288,8716,20.59,680071168
360,138,139,138,139,139,139,0,555,288,8456,7891,31736,8727,15.43,690466816
361,135,135,132,135,135,135,0,537,302,8457,7901,30653,8721,20.86,691232768
362,135,136,132,137,137,136,0,542,288,0,0,0,0,0,0
363,135,128,139,130,128,128,0,525,299,8497,7947,29975,8734,21.79,661614592
364,135,137,137,134,136,137,0,544,298,8505,7948,31498,8735,15.59,668221440
365,132,139,132,139,139,139,0,549,288,8531,7971,30611,8722,20.57,673480704
366,138,137,137,138,137,137,0,549,298,8564,8005,30306,8726,20.61,676433920
367,135,133,137,132,133,133,0,535,293,8602,8043,29763,8720,16.22,680075264
368,130,129,128,129,129,129,0,515,296,8632,8073,31196,8741,16.63,686350336
369,140,143,138,144,144,143,0,569,293,8656,8099,30664,8723,19.54,693096448
370,135,130,137,129,129,130,0,525,286,8412,7851,30217,8723,20.22,691695616
371,127,132,126,132,132,132,0,522,287,8423,7868,29946,8724,19.53,700092416
372,143,138,136,138,138,138,0,550,297,8443,7874,30663,8730,15.79,706281472
373,135,131,144,131,131,131,0,537,292,8470,7900,30997,8741,16.11,706617344
374,134,135,132,135,135,135,0,537,289,0,0,0,0,0,0
375,136,145,137,145,145,145,0,572,293,8488,7924,30717,8738,17.2,714989568
376,135,132,137,132,132,132,0,533,296,8512,7964,30640,8730,23.81,718946304
377,132,129,122,135,134,129,0,520,295,8557,8000,30351,8718,19.06,720920576
378,138,144,142,139,139,144,0,564,294,8552,7998,29994,8714,21.86,724787200
379,135,123,138,122,123,123,0,506,286,8592,8036,29897,8718,23.43,733265920
380,126,137,124,137,137,137,0,535,295,8617,8054,29702,8722,17.16,737828864
381,144,142,148,143,143,142,0,576,296,8648,8088,30515,8715,19.69,744210432
382,135,125,125,124,124,125,0,498,292,8421,7858,31027,8724,18.44,748494848
383,121,116,115,145,140,122,0,522,302,8407,7828,29731,8688,19.45,707407872
384,149,157,155,128,133,151,0,567,295,0,0,0,0,0,0
385,135,115,144,115,115,115,0,489,303,8495,7924,31236,8740,19.56,621957120
386,135,154,136,154,154,154,0,598,313,8511,7957,32709,8743,13.82,629440512
387,135,145,134,145,145,145,0,569,288,8527,7970,34133,8728,16.7,641155072
388,134,133,131,135,133,133,0,532,288,8580,8026,35614,8727,19.71,654053376
389,124,115,114,113,115,115,0,457,289,8577,8017,37065,8725,20.33,669786112
390,147,153,161,153,153,153,0,620,291,8600,8044,30362,8717,23.83,664453120
391,135,114,135,114,114,114,0,477,300,8628,8086,29618,8707,19.77,664133632
392,135,161,134,161,161,161,0,617,310,8390,7828,31125,8729,18.63,669323264
393,135,134,128,135,135,135,0,533,301,8439,7882,29709,8708,18.12,671072256
394,132,129,139,128,128,128,0,523,287,8456,7898,31273,8734,21.94,681926656
395,135,122,133,122,122,122,0,499,296,0,0,0,0,0,0
396,138,151,139,151,151,151,0,592,295,8497,7942,29823,8722,18.92,688807936
397,133,133,132,133,133,133,0,531,292,8547,7990,31285,8711,16.51,690343936
398,137,139,138,139,139,139,0,555,297,8564,8008,30156,8716,20.42,688271360
399,135,132,137,132,132,132,0,533,290,8586,8030,29644,8721,17.87,692432896
400,131,135,127,135,135,135,0,532,288,8616,8058,31159,8722,15.59,695091200
401,139,140,142,140,140,140,0,562,292,8648,8092,30587,8722,22.34,695717888
402,135,127,133,127,127,127,0,514,288,8657,8104,30201,8725,21.42,701341696
403,132,133,129,136,136,133,0,534,288,8403,7838,31625,8732,17.62,713154560
404,138,141,142,138,138,141,0,559,295,8415,7862,30658,8723,19.36,713293824
405,135,130,137,130,130,130,0,527,287,8435,7871,30513,8721,18.64,721604608
406,131,139,129,140,140,140,0,549,298,8460,7904,29992,8716,19.65,719749120
407,139,140,137,139,139,139,0,554,293,0,0,0,0,0,0
408,135,129,137,129,129,129,0,524,294,8493,7934,29695,8727,19.48,724430848
409,129,132,131,132,132,132,0,527,291,8501,7946,30926,8726,15.53,734253056
410,141,140,140,142,140,140,0,562,300,8515,7922,30871,8760,19.32,733552640
411,135,133,136,131,133,133,0,533,294,8537,7973,30205,8731,18.6,737103872
412,128,131,126,132,131,131,0,520,295,8536,7993,30062,8722,18.75,740089856
413,142,145,140,144,145,145,0,574,295,8559,8001,29767,8711,18.6,744173568
414,135,126,135,126,126,126,0,513,285,8583,8033,30504,8717,19.3,755675136
415,135,138,127,140,139,139,0,545,292,8627,8073,30959,8714,17.75,759701504
416,135,137,145,135,136,136,0,552,295,8657,8098,30801,8728,18.18,764166144
417,130,123,104,126,125,124,0,479,293,8405,7845,29496,8718,21.22,705544192
418,140,148,168,145,146,147,0,606,288,8470,7911,31083,8730,18.36,645955584
419,135,105,134,105,105,105,0,449,306,0,0,0,0,0,0
420,135,165,137,166,165,165,0,633,307,8508,7953,32528,8734,15.97,646082560
421,135,137,134,136,136,136,1,542,287,8522,7973,34050,8738,19.1,646418432
422,132,132,130,132,132,132,0,526,287,8544,7979,35517,8723,16.83,651915264
423,138,137,137,138,138,137,0,550,288,8604,8057,29827,8724,20.66,660819968
424,135,132,137,131,131,132,0,531,285,8595,8035,31357,8728,19.53,665001984
425,130,132,130,134,132,132,0,528,321,8629,8075,32833,8723,20.24,661393408
426,140,142,140,140,142,142,0,564,287,8515,7958,30828,8735,18.14,659898368
427,135,130,126,130,130,130,0,516,297,8410,7815,30274,8753,19.9,663662592
428,128,131,138,131,131,131,0,531,288,8443,7876,30954,8727,19.98,668495872
429,142,135,127,135,135,135,0,532,300,8442,7856,30390,8748,18.1,678170624
430,135,138,150,138,138,138,0,564,288,8472,7908,30990,8734,21.69,679862272
431,134,127,133,127,127,127,0,514,288,0,0,0,0,0,0
432,136,149,135,150,149,149,0,583,295,8483,7901,30027,8734,20.62,682430464
433,135,134,134,133,134,134,0,535,297,8515,7954,31472,8729,17.15,688168960
434,129,129,132,129,129,129,0,519,287,8534,7974,30218,8734,19.51,688218112
435,141,140,141,140,140,140,0,561,293,8570,8000,31694,8735,18.82,698179584
436,135,132,135,132,132,132,0,531,287,8629,8070,30762,8739,20.5,702574592
437,134,129,124,130,129,129,0,512,300,8629,8070,30118,8742,20.22,703012864
438,136,147,144,146,147,147,0,584,288,8677,8122,31576,8715,16.87,710402048
439,135,124,137,124,124,124,0,509,293,8424,7868,30798,8719,24.56,718823424
440,135,123,127,144,126,126,0,523,296,8441,7869,30162,8742,16.86,721522688
441,135,158,140,137,155,155,0,587,294,8459,7901,31511,8719,16.35,723185664
442,135,126,136,126,126,126,0,514,292,8472,7905,30804,8743,21.18,726183936
443,135,133,130,138,133,133,0,534,290,0,0,0,0,0,0
444,135,143,128,139,143,143,0,553,295,8480,7913,30583,8732,19.5,727105536
445,135,131,149,130,131,131,0,541,289,8517,7963,29827,8725,21.92,733011968
446,128,123,124,123,123,123,0,493,290,8525,7963,31273,8720,16.62,740102144
447,142,154,146,154,154,154,0,608,294,8588,8023,30858,8724,19.87,739573760
448,135,124,132,124,124,124,0,504,291,8596,8017,30451,8717,18.93,744648704
449,135,145,128,146,145,145,0,564,295,8615,8057,29917,8727,21.12,750026752
450,135,132,145,132,132,132,0,541,289,8648,8086,30627,8720,17.85,757207040
451,132,127,131,126,127,127,0,511,288,8425,7867,31045,8726,22.08,761450496
452,138,147,131,147,147,147,0,572,294,8471,7915,30876,8729,19.1,765788160
453,124,111,132,111,111,111,0,465,290,0,0,0,0,0,0
454,146,151,144,151,151,151,0,597,304,8472,7889,29713,8732,21.84,713793536
455,135,132,136,132,132,132,0,532,301,8524,7953,31159,8722,20.81,651632640
456,135,144,136,144,144,144,0,568,320,8551,7975,32750,8751,17.46,652513280
457,135,136,135,136,136,136,0,543,285,8571,8013,34064,8724,16.84,652070912
458,135,136,135,136,136,136,0,543,286,8597,8036,35560,8725,18.89,657821696
459,135,134,120,134,134,134,0,522,291,8609,8054,37063,8725,19.58,674906112
460,134,131,146,134,134,132,0,546,301,8656,8095,30415,8720,20.16,670666752
461,135,119,130,121,119,121,0,491,293,8405,7846,31925,8723,14.71,674721792
462,136,152,143,147,149,149,0,588,309,8457,7898,30698,8724,21.84,674656256
463,134,130,135,130,130,130,0,525,288,8458,7892,32230,8743,16.04,678649856
464,136,143,137,143,143,143,0,566,290,0,0,0,0,0,0
465,135,135,133,135,135,135,0,538,286,8499,7942,30569,8725,19.96,686936064
466,135,134,132,136,134,134,0,536,304,8529,7968,31955,8711,17.69,688119808
467,135,135,136,133,135,135,0,539,287,8534,7971,30560,8714,19.02,689807360
468,135,133,137,133,133,133,0,536,295,8545,7968,32122,8735,19.48,700350464
469,131,123,124,132,132,130,0,518,289,8566,7996,30942,8738,18.2,702447616
470,139,150,147,141,141,143,0,572,292,8602,8008,30173,8728,21,702509056
471,135,124,133,124,124,124,0,505,291,8606,8036,31585,8719,19.28,716410880
472,129,139,131,139,139,139,0,548,299,8639,8080,30738,8715,20.58,709214208
473,141,141,142,141,141,141,0,565,296,8406,7838,30223,8718,17.21,711299072
474,135,131,134,131,131,131,0,527,287,8426,7866,29641,8719,18.48,715563008
475,129,129,127,130,130,130,0,517,298,8459,7898,31164,8725,17.26,726159360
476,141,146,140,145,145,145,0,575,291,8473,7892,30513,8711,14.96,729698304
477,135,128,137,128,128,128,0,521,288,8471,7899,30095,8733,17.13,731959296
478,130,137,130,137,137,137,0,541,291,0,0,0,0,0,0
479,140,140,142,140,140,140,0,562,324,8488,7937,31447,8718,17.22,738897920
480,135,130,134,130,130,130,0,524,286,8503,7943,30120,8708,28.18,741048320
481,135,141,127,141,141,141,0,550,336,8520,7953,29746,8744,20.52,744910848
482,135,132,140,135,132,132,0,539,294,8567,7999,31141,8717,19.42,755941376
483,135,130,137,127,130,130,0,524,295,8600,8033,30746,8717,20.05,758734848
484,135,140,125,140,140,140,0,545,292,8656,8087,29759,8708,16.38,690802688
485,135,137,147,137,137,137,0,558,295,8429,7869,31041,8732,20.34,650633216
486,135,122,132,123,122,122,0,499,313,8432,7805,32669,8778,15.9,651796480
487,135,148,128,148,148,148,0,572,288,8451,7891,33982,8713,19.8,650416128
488,135,134,142,133,134,134,0,543,286,0,0,0,0,0,0
489,135,127,136,127,127,127,0,517,285,8500,7937,35423,8702,14.28,657846272
490,135,143,126,143,143,143,0,555,297,8529,7969,36912,8718,19.34,678023168
491,135,135,144,135,135,135,0,549,287,8544,7985,30798,8714,21.2,668184576
492,135,126,136,126,126,126,0,514,306,8570,7989,29843,8735,18.65,668733440
493,135,144,122,145,144,144,0,555,288,8591,8023,30993,8718,19.06,669356032
494,135,133,147,133,133,133,0,546,299,8600,8009,30217,8755,18.41,671563776
495,135,123,136,122,123,123,0,504,289,8621,8063,31504,8721,15.47,682426368
496,135,150,136,150,150,150,0,586,295,8617,8056,29739,8709,19.95,682487808
497,134,135,130,136,136,135,0,537,286,8647,8083,31309,8719,19.79,687755264
498,136,135,137,134,134,135,0,540,297,8413,7843,30094,8729,18.06,696696832
499,135,132,138,132,132,132,0,534,285,8446,7881,31545,8720,16.73,699240448
500,134,136,133,136,136,136,0,541,297,8500,7939,30648,8732,16.17,703492096
501,136,137,136,138,138,137,0,549,289,0,0,0,0,0,0
502,135,135,128,134,134,135,0,531,297,8494,7931,29939,8737,17.78,703950848
503,135,134,139,136,135,135,0,545,298,8526,7964,30517,8717,17.17,708009984
504,135,123,139,122,122,122,0,505,288,8594,8035,30967,8707,19.04,713711616
505,135,146,126,145,146,146,0,563,300,8601,8043,30595,8725,18.56,717930496
506,133,134,137,135,135,135,0,542,291,8639,8071,30171,8722,16.4,722182144
507,137,127,137,127,127,127,0,518,288,8682,8122,29811,8732,16.88,728969216
508,135,141,134,140,140,140,0,554,294,8436,7874,31286,8731,16.81,735072256
509,127,132,128,133,132,132,0,525,291,8440,7880,30581,8725,17.17,735170560
510,143,139,147,138,139,139,0,563,287,8492,7918,30180,8734,21.55,740519936
511,131,128,121,128,128,128,0,505,296,8457,7896,31562,8728,19.32,748105728
512,136,140,144,140,140,140,0,564,294,0,0,0,0,0,0
513,138,128,139,128,128,128,0,523,290,8509,7948,31055,8736,21.26,752349184
514,135,144,136,144,144,144,0,568,296,8578,8013,30903,8733,19.63,760692736
515,133,136,123,138,137,137,0,535,292,8564,8002,30445,8731,20.25,764534784
516,137,138,144,137,138,137,0,556,304,8615,8064,30175,8717,23,764858368
517,135,124,136,123,123,124,0,506,285,8606,8046,30563,8726,16.59,655212544
518,135,139,125,144,143,143,0,555,310,8637,8078,32051,8723,16.16,655138816
519,135,141,147,136,137,137,0,557,286,8652,8088,33512,8719,15.95,655233024
520,135,125,136,125,125,125,0,511,287,8422,7862,34959,8714,15.29,658333696
521,135,146,124,147,146,145,1,562,287,8439,7880,36447,8714,15.19,670801920
522,114,105,111,106,106,106,0,429,286,0,0,0,0,0,0
523,156,154,167,152,152,153,0,624,286,8461,7921,29823,8710,16.83,671940608
524,127,113,126,113,113,113,0,465,299,8518,7954,31382,8713,18.48,676306944
525,143,167,146,167,167,167,0,647,310,8549,7992,30743,8717,19.58,680345600
526,135,126,135,126,126,126,0,513,293,8589,8024,32186,8736,18,684703744
527,135,146,123,146,146,146,0,561,287,8619,8054,30746,8719,17.78,685764608
528,135,132,147,132,132,132,0,543,292,8618,8048,29958,8722,16.23,691433472
529,135,125,134,126,125,125,0,510,288,8665,8104,30960,8731,17.95,701358080
530,135,148,134,147,148,148,0,577,299,8376,7792,30070,8736,15.09,706768896
531,134,133,133,133,133,133,0,532,288,8417,7858,30990,8726,19.12,709414912
532,136,134,138,134,134,134,0,540,293,8422,7828,30255,8722,18.58,713265152
533,135,134,122,134,134,134,0,524,289,8457,7889,31722,8710,17.38,718356480
534,135,138,147,138,138,138,0,561,290,0,0,0,0,0,0
535,135,122,135,122,122,122,0,501,288,8496,7932,30692,8705,21.55,709042176
536,135,147,138,147,147,147,0,579,293,8523,7960,30015,8738,20.57,716685312
537,135,135,131,135,135,135,0,536,287,8535,7969,31420,8718,14.48,723804160
538,135,137,136,137,137,137,0,547,287,8590,8027,30494,8712,18.7,726204416
539,135,131,138,131,131,131,0,531,293,8592,8027,29884,8723,15.92,729149440
540,132,136,130,137,136,136,0,539,289,8621,8060,29530,8711,19.21,729239552
541,138,138,137,137,138,138,0,550,294,8656,8076,30953,8717,15.15,736448512
542,135,131,138,131,131,131,0,531,287,8642,8070,30742,8738,20.71,743165952
543,131,130,130,130,130,130,0,520,298,8659,8092,30241,8725,20.14,742883328
544,139,140,139,144,140,140,0,563,288,8402,7844,29926,8720,20.46,748498944
545,132,135,123,131,135,135,0,524,293,8461,7900,31447,8712,16.21,757739520
546,138,134,145,137,134,134,0,550,289,0,0,0,0,0,0
547,135,128,137,125,128,128,0,518,289,8487,7936,31042,8725,17.5,760418304
548,135,145,111,145,145,145,0,546,289,8523,7965,30497,8715,20.4,760303616
549,133,129,150,129,129,129,0,537,289,8549,7992,30103,8711,22.54,767930368
550,137,119,143,119,119,119,0,500,297,8562,8002,29895,8727,18.31,771256320
551,135,150,135,150,150,150,0,585,300,8597,8036,29671,8722,19.85,777420800
552,135,141,136,142,141,141,0,560,305,8630,8069,30005,8716,19.44,667369472
553,134,122,125,126,122,122,0,495,290,8631,8062,31496,8720,18.59,656183296
554,136,149,144,145,149,149,0,587,320,8672,8110,32973,8716,18.03,656191488
555,135,127,132,126,127,127,0,512,285,8421,7864,34495,8714,15.8,656257024
556,128,138,132,138,138,138,0,546,286,8480,7922,35891,8711,20.01,665055232
557,126,116,104,117,117,117,0,455,289,0,0,0,0,0,0
558,151,154,173,153,153,153,0,632,299,8490,7960,29739,8722,22.24,673738752
559,134,104,132,104,104,104,0,444,310,8498,7940,31204,8712,21.4,678154240
560,136,173,139,173,173,173,0,658,330,8550,7886,30566,8826,16.46,672071680
561,135,132,131,132,132,132,0,527,289,8532,7968,31567,8726,21,670162944
562,135,134,125,138,135,135,0,533,287,8565,8008,30718,8712,18.81,672886784
563,135,135,149,131,134,134,0,548,288,8588,8034,30977,8715,17.3,686567424
564,135,126,135,126,126,126,0,513,292,8589,8027,29848,8706,18.95,688005120
565,135,148,125,148,148,148,0,569,288,8617,8061,31303,8709,14.26,692559872
566,135,134,142,135,135,135,0,547,296,8653,8091,30120,8717,19.42,696745984
567,135,121,131,124,124,124,0,503,289,8398,7839,31632,8722,13.71,699777024
568,135,148,136,144,144,144,0,568,295,8434,7865,30504,8719,21.42,697331712
569,134,131,138,131,131,131,0,531,287,8415,7844,30154,8737,18.72,705015808
570,136,134,132,134,134,134,0,534,288,8430,7876,31472,8716,15.58,712204288
571,135,140,132,140,140,140,0,552,288,8454,7898,30738,8722,19.26,716599296
572,135,132,143,132,132,132,0,539,287,0,0,0,0,0,0
573,135,125,131,128,125,125,0,509,294,8484,7914,30731,8746,18.92,725569536
574,135,150,135,147,150,150,0,582,292,8510,7948,30047,8728,16.51,729300992
575,135,122,139,128,122,122,0,511,295,8550,7994,30686,8712,16.49,729260032
576,135,136,133,131,136,136,0,536,292,8581,8021,30998,8715,19.74,737726464
577,133,141,134,140,141,141,0,556,291,8604,8048,30553,8712,23.16,740339712
578,134,136,134,137,136,136,0,543,297,8656,8098,30230,8721,19.1,740610048
579,138,137,140,136,137,137,0,550,288,8388,7826,29648,8723,18.61,743579648
580,135,134,134,134,134,134,0,536,288,8444,7894,29589,8708,18.58,748244992
581,134,134,131,138,134,134,0,537,294,8459,7900,31071,8716,18.51,758714368
582,136,139,138,136,140,140,0,554,294,0,0,0,0,0,0
583,135,132,134,131,131,131,0,527,285,8499,7938,30855,8707,20.34,766943232
584,135,137,136,138,137,137,0,548,294,8524,7954,30421,8741,22.34,769421312
585,135,133,136,132,133,133,0,534,291,8533,7958,29999,8714,20.23,767696896
586,135,138,134,138,138,138,0,548,294,8540,7970,29808,8740,17.34,773410816
587,134,134,131,134,134,134,0,533,289,8546,8006,31172,8724,16.46,779931648
588,136,125,137,135,133,125,0,530,296,8618,8064,31060,8727,18.88,788451328
589,135,142,138,132,134,142,0,546,293,8624,8072,30803,8717,19.81,792571904
590,135,137,136,137,137,137,0,547,290,8647,8060,30785,8744,19.77,657829888
591,135,136,123,138,137,136,0,534,318,8654,8082,32168,8742,15.92,657784832
592,133,133,140,132,132,133,0,537,286,8397,7846,33539,8722,19.22,657498112
593,137,128,140,127,128,128,0,523,286,8410,7854,34940,8711,19.23,659386368
594,135,140,123,140,140,140,0,543,287,8450,7894,36468,8717,17.26,671977472
595,135,138,120,138,138,138,0,534,296,0,0,0,0,0,0
596,135,125,164,125,125,125,0,539,288,8485,7931,29847,8712,19.75,671629312
597,135,119,128,120,119,119,0,486,303,8500,7946,31417,8717,17.59,679038976
598,134,160,140,161,160,160,0,621,304,8553,7992,30197,8708,22.91,678936576
599,136,128,136,128,128,128,0,520,289,8575,8020,31676,8728,18.53,680321024
600,0,145,3,143,145,145,0,436,0,8470,8029,29367,8497,13.86,680046592
601,0,136,0,136,136,136,0,408,0,8214,8066,28271,8079,2.83,671514624
602,0,3,0,3,3,3,0,9,0,0,0,0,0,0,0
